-- phpMyAdmin SQL Dump
-- version 5.1.1
-- https://www.phpmyadmin.net/
--
-- Host: 127.0.0.1
-- Tempo de geração: 09-Dez-2021 às 17:52
-- Versão do servidor: 10.4.20-MariaDB
-- versão do PHP: 8.0.9

SET SQL_MODE = "NO_AUTO_VALUE_ON_ZERO";
START TRANSACTION;
SET time_zone = "+00:00";


/*!40101 SET @OLD_CHARACTER_SET_CLIENT=@@CHARACTER_SET_CLIENT */;
/*!40101 SET @OLD_CHARACTER_SET_RESULTS=@@CHARACTER_SET_RESULTS */;
/*!40101 SET @OLD_COLLATION_CONNECTION=@@COLLATION_CONNECTION */;
/*!40101 SET NAMES utf8mb4 */;

--
-- Banco de dados: `help_enem`
--

-- --------------------------------------------------------

--
-- Estrutura da tabela `disciplina`
--

CREATE TABLE `disciplina` (
  `id_disciplina` int(11) NOT NULL,
  `nome_disciplina` varchar(60) NOT NULL
) ENGINE=InnoDB DEFAULT CHARSET=utf8mb4;

--
-- Extraindo dados da tabela `disciplina`
--

INSERT INTO `disciplina` (`id_disciplina`, `nome_disciplina`) VALUES
(1, 'Linguagens, Códigos e suas Tecnologias'),
(2, 'Ciências Humanas e suas Tecnologias'),
(3, 'Ciências da Natureza e suas Tecnologias'),
(4, 'Matemática e suas Tecnologias');

-- --------------------------------------------------------

--
-- Estrutura da tabela `mensagens`
--

CREATE TABLE `mensagens` (
  `id_mensagem` int(11) NOT NULL,
  `nome_mensagem` varchar(70) NOT NULL,
  `email_mensagem` varchar(70) NOT NULL,
  `mensagem_mensagem` varchar(256) NOT NULL,
  `hora_mensagem` time DEFAULT NULL
) ENGINE=InnoDB DEFAULT CHARSET=utf8mb4;

-- --------------------------------------------------------

--
-- Estrutura da tabela `pontuacao_geral`
--

CREATE TABLE `pontuacao_geral` (
  `id_pontuacao` int(11) NOT NULL,
  `valor_pontuacao` int(11) NOT NULL,
  `id_usuario` int(11) NOT NULL
) ENGINE=InnoDB DEFAULT CHARSET=utf8mb4;

-- --------------------------------------------------------

--
-- Estrutura da tabela `prova`
--

CREATE TABLE `prova` (
  `id_prova` int(11) NOT NULL,
  `nome_prova` varchar(10) NOT NULL,
  `ano_prova` char(4) NOT NULL
) ENGINE=InnoDB DEFAULT CHARSET=utf8mb4;

--
-- Extraindo dados da tabela `prova`
--

INSERT INTO `prova` (`id_prova`, `nome_prova`, `ano_prova`) VALUES
(1, 'Enem 2018', '2018'),
(2, 'Enem 2019', '2019'),
(3, 'Enem 2020', '2020');

-- --------------------------------------------------------

--
-- Estrutura da tabela `questoes`
--

CREATE TABLE `questoes` (
  `id_questao` int(11) NOT NULL,
  `enunciado_questao` varchar(1500) NOT NULL,
  `altA_questao` varchar(500) NOT NULL,
  `altB_questao` varchar(500) NOT NULL,
  `altC_questao` varchar(500) NOT NULL,
  `altD_questao` varchar(500) NOT NULL,
  `altE_questao` varchar(500) NOT NULL,
  `altCerta_questao` char(1) NOT NULL,
  `resolucao_questao` varchar(1500) NOT NULL,
  `id_usuario` int(11) NOT NULL,
  `id_prova` int(11) NOT NULL,
  `id_disciplina` int(11) NOT NULL,
  `dificuldade` enum('F','M','D') DEFAULT NULL
) ENGINE=InnoDB DEFAULT CHARSET=utf8mb4;

--
-- Extraindo dados da tabela `questoes`
--

INSERT INTO `questoes` (`id_questao`, `enunciado_questao`, `altA_questao`, `altB_questao`, `altC_questao`, `altD_questao`, `altE_questao`, `altCerta_questao`, `resolucao_questao`, `id_usuario`, `id_prova`, `id_disciplina`, `dificuldade`) VALUES
(1, 'Megaespetáculos com queima de grande quantidade de fogos de artifício em festas de final de ano são muito comuns no Brasil. Após a queima, grande quantidade de material particulado permanece suspensa no ar. Entre os resíduos, encontram-se compostos de sódio, potássio, bário, cálcio, chumbo, antimônio, cromo, além de percloratos e gases, como os dióxidos de nitrogênio e enxofre. Esses espetáculos promovem riscos ambientais, porque', 'As substâncias resultantes da queima de fogos de artifício são inflamáveis.', 'Os resíduos produzidos na queima de fogos de artifício ainda são explosivos.', 'O sódio e o potássio são os principais responsáveis pela toxicidade do produto da queima.', 'Os produtos da queima contêm metais pesados e gases tóxicos que resultam em poluição atmosférica.', 'o material particulado gerado se deposita na superfície das folhas das plantas impedindo os processos de respiração celular', 'D', 'Entre os resíduos gerados na queima de fogos de artifício, tem-se metais pesados, como chumbo, antimônio e cromo, e gases tóxicos, como dióxido de nitrogênio e dióxido de enxofre.', 1, 3, 3, 'F'),
(2, 'Há muitos mitos em relação a como se proteger de raios, cobrir espelhos e não pegar em facas, garfos e outros objetos metálicos, por exemplo. Mas, de fato, se houver uma tempestade com raios, alguns cuidados são importantes, como evitar ambientes abertos. Um bom abrigo para proteção é o interior de um automóvel, desde que este não seja conversível.Qual o motivo físico da proteção fornecida pelos automóveis, conforme citado no texto?', 'Isolamento elétrico dos pneus.', 'Efeito de para-raios da antena', 'Blindagem pela carcaça metálica.', 'Escoamento da água pela lataria.', 'Aterramento pelo fio terra da bateria', 'C', 'Conforme demonstrado experimentalmente por Michael Faraday, o campo elétrico no interior de um corpo condutor eventualmente eletrizado é nulo. Assim, as pessoas no interior do veículo se encontram protegidas de eventuais raios.', 1, 3, 3, 'F'),
(3, 'Um pé de eucalipto em idade adequada para o corte rende, em média, 20 mil folhas de papel A4. A densidade superficial do papel A4, medida pela razão da massa de uma folha desse papel por sua área, é de 75 gramas por metro quadrado, e a área de uma folha de A4 é 0,062 metro quadrado. Nessas condições, quantos quilogramas de papel rende, em média, um pé de eucalipto?', '4 301', '1 500', '930', '267', ' 93', 'E', 'Como a área de uma folha de A4 é de 0,062m², a área de 20 mil folhas é de 20000*0,062m² = 1240m². Considerando que a densidade superficial do papel A4 é de 75 g/m², a massa de 20 000 folhas é dada por 1240m²*75g/m² = 93000g = 93kg.', 1, 3, 4, 'M'),
(4, 'O técnico de um time de basquete pretende aumentar a estatura média de sua equipe de 1,93 m para, no mínimo, 1,99 m. Para tanto, dentre os 15 jogadores que fazem parte de sua equipe, irá substituir os quatro mais baixos, de estaturas: 1,78 m, 1,82 m, 1,84 m e 1,86 m. Para isso, o técnico contratou um novo jogador de 2,02 m. Os outros três jogadores que ele ainda precisa contratar devem satisfazer à sua necessidade de aumentar a média das estaturas da equipe. Ele fi xará a média das estaturas para os três jogadores que ainda precisa contratar dentro do critério inicialmente estabelecido. Qual deverá ser a média mínima das estaturas, em metro, que ele deverá fixar para o grupo de três novos jogadores que ainda irá contratar?', '1,96', '1,98 ', '2,05', '2,06 ', ' 2,08', 'D', 'A média atual, em m, é dada por (S11+7,30)/15, em que S11 é a soma das estaturas, em m, dos 11 jogadores que serão mantidos. S11 = 15*1,93 = 7,30 => S11 = 21,65 A média pretendida, em m, é dada por (S11 + 2,02 + S)/15 = 1,99 em que S é a soma das estaturas, em m, dos três novos jogadores que precisam ser contratados. Segue que: (21,65 + 2,02 + S) = 1,99 23,67 + S = 15 * 1,99 23,67 + S = 29,85 => S = 6,18 A média, em m, das estaturas dos três novos jogadores é dada por (6,18)/3 = 2,06', 1, 3, 4, 'M'),
(5, 'Quando quis agilizar o processo de seleção de novos alunos, a tradicional faculdade britânica de medicina St. George usou um software para definir quem deveria ser entrevistado. Ao reproduzir a forma como os funcionários faziam essa escolha, o programa eliminou, de cara, 60 de 2 000 candidatos. Só por causa do sexo ou da origem racial, numa dedução baseada em sobrenome e local de nascimento. Um estudo sobre o caso foi publicado em 1988, mas, 25 anos depois, outra pesquisa apontou que esse tipo de discriminação segue firme. O exemplo recente envolve o buscador do Google: ao digitar nomes comuns entre negros dos EUA, a chance de os anúncios automáticos oferecerem checagem de antecedentes criminais pode aumentar 25%. E pode piorar com a pergunta “detido?” logo após a palavra procurada.O texto permite o desnudamento da sociedade ao relacionar as tecnologias de informação e comunicação com o(a)', 'agilidade dos softwares.', ' passar dos anos.', ' linguagem.', 'preconceito.', 'educação.', 'D', 'O enunciado da questão menciona um “desnudamento”, ou seja, pede que se identifique como “as tecnologias de informação e comunicação” (no caso, o software de triagem de candidatos e o buscador do Google) revelam algo sobre a sociedade, em geral oculto ou não admitido. Segundo o texto, ambos os programas evidenciaram um viés preconceituoso. O software, por exemplo, eliminou candidatos por “causa do sexo ou da origem racial”. Do mesmo modo, houve um aumento de anúncios de “checagem de antecedentes criminais” ao se digitar “nomes comuns entre negros” nos EUA. Observa-se, assim, como esses programas reforçaram uma discriminação presente na sociedade, que nega oportunidades a determinados grupos e reforça a marginalização a que são submetidos.', 1, 3, 1, 'F'),
(6, 'Viajo Curitiba das conferências positivistas, elas são onze em Curitiba, há treze no mundo inteiro; do tocador de realejo que não roda a manivela desde que o macaquinho morreu; dos bravos soldados do fogo que passam chispando no carro vermelho atrás do incêndio que ninguém não viu, esta Curitiba e a do cachorro-quente com chope duplo no Buraco do Tatu eu viajo. Curitiba, aquela do Burro Brabo, um cidadão misterioso morreu nos braços da Rosicler, quem foi? quem não foi? foi o reizinho do Sião; da Ponte Preta da estação, a única ponte da cidade, sem rio por baixo, esta Curitiba viajo. Curitiba sem pinheiro ou céu azul, pelo que vosmecê é — província, cárcere, lar —, esta Curitiba, e não a outra para inglês ver, com amor eu viajo, viajo, viajo.  A tematização de Curitiba é frequente na obra de Dalton Trevisan. No fragmento, a relação do narrador com o espaço urbano é caracterizada por um olhar', 'destituído de afetividade, que ironiza os costumes e as tradições da sociedade curitibana.', 'marcado pela negatividade, que busca desconstruir perspectivas habituais de representação da cidade.', 'carregado de melancolia, que constata a falta de identidade cultural diante dos impactos da urbanização.', 'embevecido pela simplicidade do cenário, indiferente à descrição de elementos de reconhecido valor histórico.', 'distanciado dos elementos narrados, que recorre ao ponto de vista do viajante como expressão de estranhamento.', 'B', 'O narrador figura uma viagem pela cidade de Curitiba, vista de uma perspectiva negativa, no sentido de colocar em destaque o que falta ou o não se comporta da maneira esperada: “o tocador de realejo que não roda a manivela”, o “incêndio que ninguém não viu”, a identidade desconhecida do cidadão que morreu em um local suspeito, a ponte “sem rio por baixo”. A última negativa do texto ocorre quando o autor se recusa a viajar por “outra” Curitiba, aquela feita “para inglês ver”, o que evidencia o esforço de desconstrução de paisagens convencionalmente associadas à cidade.', 1, 3, 1, 'M'),
(7, 'A expansão das cidades e a formação das aglomerações urbanas no Brasil foram marcadas pela produção industrial e pela consolidação das metrópoles como locais de seu desenvolvimento. Na segunda metade do século XX, as metrópoles brasileiras estenderam-se por áreas de ocupação contínua, configurando densas regiões urbanizadas.  O resultado do processo geográfico descrito foi o(a)', 'valorização da escala local', ' crescimento das áreas periféricas', 'densificação do transporte ferroviário.', 'predomínio do planejamento estadual.', 'inibição de consórcios intermunicipais', 'B', 'Durante a segunda metade do século XX, o processo de crescimento das cidades brasileiras, em especial os grandes centros e regiões metropolitanas, se manifestava na paisagem urbana a partir da expansão da sua extensa malha horizontal sob a condução do mercado imobiliário. Essa expansão, direcionada para regiões acidentadas e com baixa oferta de equipamentos públicos, é compreendida como o crescimento das áreas periféricas das cidades.', 1, 3, 2, 'F'),
(8, 'A demanda mundial para a produção de alimentos aumenta progressivamente a taxas muito altas. Atualmente, na maioria dos países, continentes e regiões, a água consumida na agricultura é de cerca de 70% da disponibilidade total.  Para que haja a redução da pressão sobre o recurso natural mencionado, a expansão da agricultura demanda melhorias no(a)', ' fertilização química do solo.', ' escoamento hídrico do terreno.', 'manutenção de poços artesianos', 'eficiência das técnicas de irrigação', 'velocidade das máquinas colheitadeiras.', 'D', 'A água, como recurso natural essencial para a vida no planeta, sofre uma enorme pressão por parte do setor da agropecuária (responsável por cerca de 70% do consumo). Por mais que a produtividade na área rural tenha aumentado, devido ao maior uso de máquinas, a melhores tecnologias de fertilização do solo e outros, é necessário um maior investimento na eficiência das técnicas de irrigação, evitando, assim, desperdício e/ou contaminação da água.', 1, 3, 2, 'F'),
(9, 'Enquanto isso, nos bastidores do universo  Você planeja passar um longo tempo em outro país, trabalhando e estudando, mas o universo está preparando a chegada de um amor daqueles de tirar o chão, um amor que fará você jogar fora seu atlas e criar raízes no quintal como se fosse uma figueira. Você treina para a maratona mais desafiadora de todas, mas não chegará com as duas pernas intactas na hora da largada, e a primeira perplexidade será esta: a experiência da frustração. O universo nunca entrega o que promete. Aliás, ele nunca prometeu nada, você é que escuta vozes. No dia em que você pensa que não tem nada a dizer para o analista, faz a revelação mais bombástica dos seus dois anos de terapia. O resultado de um exame de rotina coloca sua rotina de cabeça para baixo. Você não imaginava que iriam tantos amigos à sua festa, e tampouco imaginou que justo sua grande paixão não iria. Quando achou que estava bela, não arrasou corações. Quando saiu sem maquiagem e com uma camiseta puída, chamou a atenção. E assim seguem os dias à prova de planejamento e contrariando nossas vontades, pois, por mais que tenhamos ensaiado nossa fala e estejamos preparados para a melhor cena, nos bastidores do universo alguém troca nosso papel de última hora, tornando surpreendente a nossa vida.  MEDEIROS, M. O Globo, 21 jun. 2015. Entre as estratégias argumentativas utilizadas para sustentar a tese apresentada nesse fragmento, destaca-se a recorrência de', 'estruturas sintáticas semelhantes, para reforçar a velocidade das mudanças da vida.', 'marcas de interlocução, para aproximar o leitor das experiências vividas pela autora.', 'formas verbais no presente, para exprimir reais possibilidades de concretização das ações.', 'construções de oposição, para enfatizar que as expectativas são afetadas pelo inesperado.', 'sequências descritivas, para promover a identificação do leitor com as situações apresentadas.', 'D', 'Ao longo da argumentação, a narradora usa recursos argumentativos que reforçam os contrastes, como o uso da conjunção adversativa “mas”, de ideias contrastantes. Isso corrobora também o caráter argumentativo pelo uso do operador argumentativo, introduzindo o argumento mais forte.', 2, 1, 1, 'M'),
(10, '“A Declaração Universal dos Direitos Humanos está completando 70 anos em tempos de desafios crescentes, quando o ódio, a discriminação e a violência permanecem vivos”, disse a diretora-geral da Organização das Nações Unidas para a Educação, a Ciência e a Cultura (Unesco), Audrey Azoulay. “Ao final da Segunda Guerra Mundial, a humanidade inteira resolveu promover a dignidade humana em todos os lugares e para sempre. Nesse espírito, as Nações Unidas adotaram a Declaração Universal dos Direitos Humanos como um padrão comum de conquistas para todos os povos e todas as nações”, disse Audrey. “Centenas de milhões de mulheres e homens são destituídos e privados de condições básicas de subsistência e de oportunidades. Movimentos populacionais forçados geram violações aos direitos em uma escala sem precedentes. A Agenda 2030 para o Desenvolvimento Sustentável promete não deixar ninguém para trás – e os direitos humanos devem ser o alicerce para todo o progresso.” Segundo ela, esse processo precisa começar o quanto antes nas carteiras das escolas. Diante disso, a Unesco lidera a educação em direitos humanos para assegurar que todas as meninas e meninos saibam seus direitos e os direitos dos outros.  Disponível em: https://nacoesunidas.org. Acesso em: 3 abr. 2018 (adaptado). Defendendo a ideia de que “os direitos humanos devem ser o alicerce para todo o progresso”, a diretora-geral da Unesco aponta, como estratégia para atingir esse fim, a', 'inclusão de todos na Agenda 2030.', 'extinção da intolerância entre os indivíduos.', 'discussão desse tema desde a educação básica.', 'conquista de direitos para todos os povos e nações.', 'promoção da dignidade humana em todos os lugares.', 'C', 'Como apresentado no último parágrafo do texto, a autora ressalta que “esse processo precisa começar o quanto antes nas cadeiras das escolas”. Assim, pode-se inferir que a discussão dos direitos humanos deve ser feita desde a educação básica.', 3, 1, 1, 'F'),
(11, '— Famigerado? […] — Famigerado é “inóxio”, é “célebre”, “notório”, “notável”… — Vosmecê mal não veja em minha grossaria no não entender. Mais me diga: é desaforado? É caçoável? É de arrenegar? Farsância? Nome de ofensa? — Vilta nenhuma, nenhum doesto. São expressões neutras, de outros usos… — Pois… e o que é que é, em fala de pobre, linguagem de em dia de semana? — Famigerado? Bem. É: “importante”, que merece louvor, respeito…  ROSA, G. Famigerado. In: Primeiras estórias. Rio de Janeiro: Nova Fronteira, 2001.  Nesse texto, a associação de vocábulos da língua portuguesa a determinados dias da semana remete ao', 'local de origem dos interlocutores.', 'estado emocional dos interlocutores.', 'grau de coloquialidade da comunicação.', 'nível de intimidade entre os interlocutores.', 'conhecimento compartilhado na comunicação.', 'C', 'A utilização da linguagem informal retrata um grau de coloquialidade na comunicação entre os interlocutores. O personagem usa as palavras “importante”e “que merece louvor” para facilitar a compreensão do seu receptor.', 3, 1, 1, 'F'),
(12, 'às vezes sou o policial que me suspeito me peço documentos e mesmo de posse deles me prendo e me dou porrada às vezes sou o porteiro não me deixando entrar em mim mesmo a não ser pela porta de serviço […] às vezes faço questão de não me ver e entupido com a visão deles sinto-me a miséria concebida como um eterno começo fecho-me o cerco sendo o gesto que me nego a pinga que me bebo e me embebedo o dedo que me aponto e denuncio o ponto em que me entrego. às vezes!…  CUTI. Negroesia. Belo Horizonte: Mazza, 2007 (fragmento).   Na literatura de temática negra produzida no Brasil, é recorrente a presença de elementos que traduzem experiências históricas de preconceito e violência. No poema, essa vivência revela que o eu lírico', 'incorpora seletivamente o discurso do seu opressor.', 'submete-se à discriminação como meio de fortalecimento.', 'engaja-se na denúncia do passado de opressão e injustiças.', 'sofre uma perda de identidade e de noção de pertencimento.', 'acredita esporadicamente na utopia de uma sociedade igualitária.', 'A', 'O poema apresenta a vivência do eu lírico com situações de discriminação. Dessa forma, ele incorpora o papel de policial e de porteiro e seus discursos opressores devido à persistência histórica de preconceito e violência.', 3, 1, 1, 'F'),
(13, 'No Segundo Congresso internacional de Ciências Geográficas, em 1875, a que compareceram o presidente da República, o governador de Paris e o presidente da Assembleia, o discurso inaugural do almirante La Roucière-Le Noury expôs a atitude predominante no encontro: “Cavalheiros, a Providência nos ditou a obrigação de conhecer e conquistar a terra. Essa ordem suprema é um dos deveres imperiosos inscritos em nossas inteligências e nossas atividades. A geografia, essa ciência que inspira tão bela devoção e em cujo nome foram sacrificadas tantas vítimas, tornou-se a filosofia da terra”.  SAID, E. Cultura e política. São Paulo: Cia. das Letras, 1995.  No contexto histórico apresentado, a exaltação da ciência geográfica decorre do seu uso para o(a)', 'preservação cultural dos territórios ocupados.', 'formação humanitária da sociedade europeia.', 'catalogação de dados úteis aos propósitos colonialistas.', 'desenvolvimento de técnicas matemáticas de construção de cartas.', 'consolidação do conhecimento topográfico como campo acadêmico.', 'C', 'De acordo com o texto auxiliar, o princípio da ciência geográfica se dava na coleta de dados, a fim de auxiliar ou consolidar o projeto de colonização vigente. O objetivo de conhecer e conquistar as terras era soberano, num período no qual o conhecimento acerca das características físicas da terra era muito escasso. ', 3, 1, 2, 'M'),
(14, 'A existência em Jerusalém de um hospital voltado para o alojamento e o cuidado dos peregrinos, assim como daqueles entre eles que estavam cansados ou doentes, fortaleceu o elo entre a obra de assistência e de caridade e a Terra Santa. Ao fazer, em 1113, do Hospital de Jerusalém um estabelecimento central da ordem, Pascoal II estimulava a filiação dos hospitalários do Ocidente a ele, sobretudo daqueles que estavam ligados à peregrinação na Terra Santa ou em outro lugar. A militarização do Hospital de Jerusalém não diminuiu a vocação caritativa primitiva, mas a fortaleceu.  DEMURGER, A. Os Cavaleiros de Cristo. Rio de Janeiro: Jorge Zahar, 2002 (adaptado).   o acontecimento descrito vincula-se ao fenômeno ocidental do(a)', 'surgimento do monasticismo guerreiro, ocasionado pelas cruzadas.', 'descentralização do poder eclesiástico, produzida pelo feudalismo.', 'alastramento da peste bubônica, provocado pela expansão comercial.', 'afirmação da fraternidade mendicante, estimulada pela reforma espiritual.', 'criação das faculdades de medicina, promovida pelo renascimento urbano.', 'A', 'O grande projeto de expansão do cristianismo a partir de uma estratégia de retomada de territórios levou a Igreja Católica a um processo de militarização da própria instituição. Assim, as Cruzadas, expedições militares cujo principal objetivo era retomar a Terra Santa, promoveram o surgimento do monasticismo guerreiro, o que pode ser percebido na  militarização do Hospital de Jerusalém, que é abordada no texto.', 3, 1, 2, 'M'),
(15, 'A tribo não possui um rei, mas um chefe que não é chefe de Estado. O que significa isso? Simplesmente que o chefe não dispõe de nenhuma autoridade, de nenhum poder de coerção, de nenhum meio de dar uma ordem. O chefe não é um comandante, as pessoas da tribo não têm nenhum dever de obediência. O espaço da chefia não é o lugar do poder. Essencialmente encarregado de eliminar conflitos que podem surgir entre indivíduos, famílias e linhagens, o chefe só dispõe, para restabelecer a ordem e a concórdia, do prestígio que lhe reconhece a sociedade. Mas evidentemente prestígio não significa poder, e os meios que o chefe detém para realizar sua tarefa de pacificador limitam-se ao uso exclusivo da palavra.  CLASTRES, P. A sociedade contra o Estado. Rio de Janeiro: Francisco Alves, 1982 (adaptado).   O modelo político das sociedades discutidas no texto contrasta com o do Estado liberal burguês porque se baseia em:', 'Imposição ideológica e normas hierárquicas.', 'Determinação divina e soberania monárquica.', 'Intervenção consensual e autonomia comunitária.', 'Mediação jurídica e regras contratualistas.', 'Gestão coletiva e obrigações tributárias.', 'C', 'O poder político em relação no texto volta-se para um consenso e o incentivo à autonomia comunitária.', 3, 1, 2, 'F'),
(16, 'O filósofo reconhece-se pela posse inseparável do gosto da evidência e do sentido da ambiguidade. Quando se limita a suportar a ambiguidade, esta se chama equívoco. Sempre aconteceu que, mesmo aqueles que pretenderam construir uma filosofia absolutamente positiva, sô conseguiram ser filósofos na medida em que, simultaneamente, se recusaram o direito de se instalar no saber absoluto. O que caracteriza o filósofo é o movimento que leva incessantemente do saber à ignorância, da ignorância ao saber, e um certo repouso neste movimento.  MERLEAU-PONTY, M. Elogio da filosofia. Lisboa: Guimarães, 1998 (adaptado).   O texto apresenta um entendimento acerca dos elementos constitutivos da atividade do fllósofo, que se caracteriza por', 'reunir os antagonismos das opiniões ao método dialético.', 'ajustar a clareza do conhecimento ao inatismo das ideias.', 'associar a certeza do intelecto à imutabilidade da verdade.', 'conciliar o rigor da investigação à inquietude do questionamento.', 'compatibilizar as estruturas do pensamento aos princípios fundamentais.', 'D', 'A filosofia, sendo uma disciplina de caráter crítico-argumentativa, busca por questionamentos e por um método de análise, próprios do agir filosófico.', 3, 1, 2, 'F'),
(17, 'Anabolismo e catabolismo são processos celulares antagônicos, que são controlados principalmente pela ação hormonal. Por exemplo, no fígado a insulina atua como um hormônio com ação anabólica, enquanto o glucagon tem ação catabólica e ambos são secretados em resposta ao nível de glicose sanguínea.   Em caso de um indivíduo com hipoglicemia, o hormônio citado que atua no catabolismo induzirá o organismo a', 'realizar a fermentação lática.', 'metabolizar aerobicamente a glicose.', 'produzir aminoácidos a partir de ácidos graxos.', 'transformar ácidos graxos em glicogênio.', 'estimular a utilização do glicogênio.', 'E', 'O glucagon é secretado em situações de hipoglicemia, mobilizando reservas energéticas, como o glicogênio hepático.', 3, 1, 3, 'F'),
(18, 'Para serem absorvidos pelas células do intestino humano, os lipídios ingeridos precisam ser primeiramente emulsificados. Nessa etapa da digestão, torna-se necessária a ação dos ácidos biliares, visto que os lipídios apresentam uma natureza apoiar e são insolúveis em água.   Esses ácidos atuam no processo de modo a', 'hidrolisar os lipídios.', 'agir como detergentes.', 'tornar os lipídios anfifílicos.', 'promover a secreção de lipases.', 'estimular o trânsito intestinal dos lipídios.', 'B', 'Durante a digestão temos a liberação da bile, produzida no fígado e liberada pela vesícula biliar, na região do duodeno. A função dela é de emulsificar a gordura, ou seja, atuar como um “detergente”, aumentando a superfície de contato e facilitando a atuação das enzimas lipases.', 3, 1, 3, 'M'),
(19, 'A tecnologia de comunicação da etiqueta RFID (chamada de etiqueta inteligente) é usada há anos para rastrear gado, vagões de trem, bagagem aérea e carros nos pedágios. Um modelo mais barato dessas etiquetas pode funcionar sem baterias e é constituído por três componentes: um microprocessador de silício; uma bobina de metal, feita de cobre ou de alumínio, que é enrolada em um padrão circular; e um encapsulador, que é um material de vidro ou polímero envolvendo o microprocessador e a bobina. Na presença de um campo de radiofrequência gerado pelo leitor, a etiqueta transmite sinais. A distância de leitura é determinada pelo tamanho da bobina e pela potência da onda de rádio emitida pelo leitor.  Disponível em: http://eletronicos.hsw.uol.com.br. Acesso em: 27 fev. 2012 (adaptado)   A etiqueta funciona sem pilhas porque o campo', 'elétrico da onda de rádio agita elétrons da bobina.', 'elétrico da onda de rádio cria uma tensão na bobina.', 'magnético da onda de rádio induz corrente na bobina.', 'magnético da onda de rádio aquece os fios da bobina.', 'magnético da onda de rádio diminui a ressonância no interior da bobina.', 'C', 'Com a bobina posicionada em um campo magnético variável, há indução de corrente elétrica (lei de Faraday-Lenz), o que aciona a transmissão de sinais.', 3, 1, 3, 'D'),
(20, 'Corredores ecológicos visam mitigar os efeitos da fragmentação dos ecossistemas promovendo a ligação entre diferentes áreas, com o objetivo de proporcionar o deslocamento de animais, a dispersão de sementes e o aumento da cobertura vegetal. São instituídos com base em informações como estudos sobre o deslocamento de espécies, sua área de vida (área necessária para o suprimento de suas necessidades vitais e reprodutivas) e a distribuição de suas populações.  Disponível em: www.mma.gov.br. Acesso em: 30 nov. 2017 (adaptado).   Nessa estratégia, a recuperação da biodiversidade é efetiva porque', 'propicia o fluxo gênico.', 'intensifica o manejo de espécies.', 'amplia o processo de ocupação humana.', 'aumenta o número de indivíduos nas populações.', 'favorece a formação de ilhas de proteção integral.', 'A', 'Os corredores ecológicos favorecem a migração e o encontro de populações de diferentes fragmentos, permitindo assim o fluxo gênico entre elas.', 3, 1, 3, 'M'),
(21, 'A prefeitura de um pequeno município do interior decide colocar postes para  iluminação ao longo de uma estrada retilínea, que inicia em uma praça central e termina numa fazenda na zona rural. Como a praça já possui iluminação, o primeiro poste será colocado a 80 metros da praça, o segundo, a 100 metros, o terceiro, a 120 metros, e assim sucessivamente, mantendo-se sempre uma distância de vinte metros entre os postes, até que o último poste seja colocado a uma distância de 1 380 metros da praça.   Se a prefeitura pode pagar, no máximo, R$ 8 000,00 por poste colocado, o maior valor que poderá gastar com a colocação desses postes é', 'R$512 000,00.', 'R$520 000,00.', 'R$528 000,00.', 'R$552 000,00.', 'R$584 000,00.', 'C', 'an = a1 + (n-1)r   1380 = 80 + (n+1)20   n=66   portanto, o maior valor que a prefeitura poderá gastar com a colocação dos postes é: 66*8000 = 528.000,00', 3, 1, 4, 'F'),
(22, 'Os tipos de prata normalmente vendidos são 975, 950 e 925. Essa classificação é feita de acordo com a sua pureza. Por exemplo, a prata 975 é a substância constituída de 975 partes de prata pura e 25 partes de cobre em 1 000 partes da substância. Já a prata 950 é constituída de 950 partes de prata pura e 50 de cobre em 1 000; e a prata 925 é constituída de 925 partes de prata pura e 75 partes de cobre em 1 000. Um ourives possui 10 gramas de prata 925 e deseja obter 40 gramas de prata 950 para produção de uma joia.   Nessas condições, quantos gramas de prata e de cobre, respectivamente, devem ser fundidos com os 10 gramas de prata 925?', '29,25 e 0,75', '28,75 e 1,25', '28,50 e 1,50', '27,75 e 2,25', '25,00 e 5,00', 'B', 'Prata = 925 ÷ 1.000 = 0,925  Cobre = 75 ÷ 1.000 = 0,075   Prata = 10 g . 0,925 = 9,25 g  Cobre = 10 g . 0,075 = 0,75 g   Prata = 40 g . (950 ÷ 1.000) = 38,0 g  Cobre = 40 g . (50 ÷ 1.000) = 2,0 g   Prata = 38,0 - 9,25 = 28,75 g  Cobre = 2,0 - 0,75 = 1,25 g', 3, 1, 4, 'M'),
(23, 'Para ganhar um prêmio, uma pessoa deverá retirar, sucessivamente e sem reposição, duas bolas pretas de uma mesma urna. Inicialmente, as quantidades e cores das bolas são como descritas a seguir: • Urna A – Possui três bolas brancas, duas bolas pretas e uma bola verde; • Urna B – Possui seis bolas brancas, três bolas pretas e uma bola verde; • Urna C – Possui duas bolas pretas e duas bolas verdes; • Urna D – Possui três bolas brancas e três bolas pretas. A pessoa deve escolher uma entre as cinco opções apresentadas: • Opção 1 – Retirar, aleatoriamente, duas bolas da urna A; • Opção 2 – Retirar, aleatoriamente, duas bolas da urna B; • Opção 3 – Passar, aleatoriamente, uma bola da urna C para a urna A; após isso, retirar, aleatoriamente, duas bolas da urna A; • Opção 4 – Passar, aleatoriamente, uma bola da urna D para a urna C; após isso, retirar, aleatoriamente, duas bolas da urna C; • Opção 5 – Passar, aleatoriamente, uma bola da urna C para a urna D; após isso, retirar, aleatoriamente, duas bolas da urna D.   Com o objetivo de obter a maior probabilidade possível de ganhar o prêmio, a pessoa deve escolher a opção', '1.', '2.', '3.', '4.', '5.', 'E', 'Opção 1 A urna A contém 3 bolas brancas, duas pretas e uma verde, então a probabilidade de se retirar a primeira bola preta é de 2/6 e de se retirar a segunda é 1/5, então, a probabilidade de vencer é de:  P = 2/6 * 1/5 = 2/30  P = 1/15.   Opção 2 A urna B possui seis bolas brancas, três pretas e duas verdes, então a probabilidade de se retirar a primeira bola preta é de 3/10 e de se retirar a segunda é 2/9, então, a probabilidade de vencer é de:  P = 3/10 * 2/9 = 6/90  P = 1/15   Opção 3 A urna C contém duas bolas pretas e duas verdes, então temos duas possibilidades: passar uma bola preta da urna C para a urna A ou passar uma bola verde. A probabilidade de se passar uma bola preta é de 1/2 e assim a urna A ficaria com três bolas pretas com sete ao todo, então:  P = 1/2 * 3/7 * 2/6 = 6/84  P = 1/14   A probabilidade de se passar uma bola verde é de 1/2 e assim a urna A ficaria com duas bolas pretas com sete ao todo, então:  P = 1/2 * 2/7 * 1/6 = 2/84  P = 1/42   A probabilidade total é a soma das duas: P = 1/14 + 1/42 = 2/21.   Opção 4 A urna D possui 3 bolas brancas e 3 pretas, então as chances de se passar uma bola preta para a urna C é de 1/2, assim:  P = 1/2 * 3/5 * 2/4 = 6/40  P = 3/20   As chances de se passar uma bola verde é de 1/2, então:  P = 1/2 * 2/5 * 1/4  P = 1/20   A probabilidade total é: 3/20 + 1/20 = 4/20 = 1/5.   Opção 5 As chances de se passar uma bola preta para a urna D é de 1/2, assim:  P = 1/2 * 4/7 * 3/6  P = 1/7   As chances de se passar uma bola ve', 3, 1, 4, 'D'),
(24, 'Um produtor de milho utiliza uma área de 160 hectares para as suas atividades agrícolas. Essa área é dividida em duas partes: uma de 40 hectares, com maior produtividade, e outra, de 120 hectares, com menor produtividade. A produtividade é dada pela razão entre a produção, em tonelada, e a área cultivada. Sabe-se que a área de 40 hectares tem produtividade igual a 2,5 vezes à da outra. Esse fazendeiro pretende aumentar sua produção total em 15%,  aumentando o tamanho da sua propriedade. Para tanto, pretende comprar uma parte de uma fazenda vizinha, que possui a mesma produtividade da parte de 120 hectares de suas terras.   Qual é a área mínima, em hectare, em que o produtor precisará comprar? ', '36', '33', '27', '24', '21', 'B', 'Sejam p1 e p2, respectivamente, a produtividade de 120 hectares e a produtividade da área de 40 hectares, com p2 = 2,5 . p1. Logo, sendo q1 e 12, respectivamente, a produção da área de 120 hectares e a produção de 40 hectares, temos q1 = 120 . p1 e q2 = 220 . p1  A produção total antes da aquisição é dada por: q1 + q2 = 120 . p1 + 100 . p1 = 220 . p1  Portanto, sofrendo um aumento de 15%, a produção passará a ser 1,15 . 220 . p1 = 253 . p1. Em consequência, se x é o resultado procurado, então: (120 + x) . p1 + 100 . p1 = 253 . p1 -> 120 + x + 100 = 253 -> x = 33ha.', 3, 1, 4, 'D'),
(25, 'Esporte e cultura: análise acerca da esportivização de práticas corporais nos jogos indígenas  Nos Jogos dos Povos Indígenas, observa-se que as práticas corporais realizadas envolvem elementos tradicionais (como as pinturas e adornos corporais) e modernos (como a regulamentação, a fiscalização e a padronização). O arco e flecha e a lança, por exemplo, são instrumentos tradicionalmente utilizados para a caça e a defesa da comunidade na aldeia. Na ocasião do evento, esses artefatos foram produzidos pela própria etnia, porém sua estruturação como “modalidade esportiva” promoveu uma semelhança entre as técnicas apresentadas, com o sentido único da competição.  ALMEIDA, A. J. M.; SUASSUNA, D. M. F. A. Pensar a prática, n. 1, jan.-abr. 2010 (adaptado)   A relação entre os elementos tradicionais e modernos nos Jogos dos Povos Indígenas desencadeou a', 'padronização de pinturas e adornos corporais.', 'sobreposição de elementos tradicionais sobre os modernos.', 'individuação das técnicas apresentadas em diferentes modalidades.', 'legitimação das práticas corporais indígenas como modalidade esportiva.', 'preservação dos significados próprios das práticas corporais em cada cultura.', 'D', 'O arco e flecha foram deslocados da caça e da pesca (característicos do cotidiano indígena) para se tornarem uma modalidade esportiva.', 3, 2, 1, 'M'),
(26, 'Mídias: aliadas ou inimigas da educação física escolar?  No caso do esporte, a mediação efetuada pela câmera de TV construiu uma nova modalidade de consumo: o esporte telespetáculo, realidade textual relativamente autônoma face à prática “real” do esporte, construída pela codificação e mediação dos eventos esportivos efetuados pelo enquadramento, edição das imagens e comentários, interpretando para o espectador o que ele está vendo. Esse fenômeno tende a valorizar a forma em relação ao conteúdo, e para tal faz uso privilegiado da linguagem audiovisual com ênfase na imagem cujas possibilidades são levadas cada vez mais adiante, em decorrência dos avanços tecnológicos. Por outro lado, a narração esportiva propõe uma concepção hegemônica de esporte: esporte é esforço máximo, busca da vitória, dinheiro… O preço que se paga por sua espetacularização é a fragmentação do fenômeno esportivo. A experiência global do ser-atleta é modificada: a sociabilização no confronto e a ludicidade não são vivências privilegiadas no enfoque das mídias, mas as eventuais manifestações de violência, em partidas de futebol, por exemplo, são exibidas e reexibidas em todo o mundo.  BETTI, M. Motriz, n. 2, jul.-dez. 2001 (adaptado).   A reflexão trazida pelo texto, que aborda o esporte telespetáculo, está fundamentada na', 'distorção da experiência do ser-atleta para os espectadores.', 'interpretação dos espectadores sobre o conteúdo transmitido.', 'utilização de equipamentos audiovisuais de última geração.', 'valorização de uma visão ampliada do esporte.', 'equiparação entre a forma e o conteúdo.', 'C', 'A distorção da experiência do ser-atleta para os espectadores está sugerida no texto quando o autor ressalta que as manifestações de violência são privilegiadas em relação a, por exemplo, sociabilização e ludicidade. Para o espectador, assim, a imagem que sobressai é o contexto da violência.', 3, 2, 1, 'M'),
(27, 'Meu caro Sherlock Holmes, algo horrível aconteceu às três da manhã no Jardim Lauriston. Nosso homem que estava na vigia viu uma luz às duas da manhã saindo de uma casa vazia. Quando se aproximou, encontrou a porta aberta e, na sala da frente, o corpo de um cavalheiro bem vestido. Os cartões que estavam em seu bolso tinham o nome de Enoch J. Drebber, Cleveland, Ohio, EUA. Não houve assalto e nosso homem não conseguiu encontrar algo que indicasse como ele morreu. Não havia marcas de sangue, nem feridas nele. Não sabemos como ele entrou na casa vazia. Na verdade, todo assunto é um quebra-cabeça sem fim. Se puder vir até a casa seria ótimo, se não, eu lhe conto os detalhes e gostaria muito de saber sua opinião. Atenciosamente, Tobias Gregson.  DOYLE, A. C. Um estudo em vermelho. Cotia: Pé de Letra, 2017   Considerando o objetivo da carta de Tobias Gregson, a sequência de enunciados negativos presente nesse texto tem a função de', 'restringir a investigação, deixando-a sob a responsabilidade do autor da carta.', 'refutar possíveis causas da morte do cavalheiro, auxiliando na investigação.', 'identificar o local da cena do crime, localizando-o no Jardim Lauriston.', 'introduzir o destinatário da carta, caracterizando sua personalidade.', 'apresentar o vigia, incluindo-o entre os suspeitos do assassinato.', 'B', 'De acordo com o texto, Tobias Gregson manda uma carta ao detetive Sherlock Holmes informando quais não foram as causas da morte, a partir de sequências negativas de enunciados. Assim, descarta possíveis causas da morte.', 3, 2, 1, 'M'),
(28, 'Um amor desse Era 24 horas lado a lado Um radar na pele, aquele sentimento alucinado Coração batia acelerado Bastava um olhar pra eu entender Que era hora de me entregar pra você Palavras não faziam falta mais Ah, só de lembrar do seu perfume Que arrepio, que calafrio Que o meu corpo sente Nem que eu queira, eu te apago da minha mente Ah, esse amor Deixou marcas no meu corpo Ah, esse amor Só de pensar, eu grito, eu quase morro  AZEVEDO, N.; LEÃO, W.; QUADROS, R. Coração pede socorro. Rio de Janeiro: Som Livre, 2018 (fragmento).   Essa letra de canção foi composta especialmente para uma campanha de combate à violência contra as mulheres, buscando conscientizá-las acerca do limite entre relacionamento amoroso e relacionamento abusivo. Para tanto, a estratégia empregada na letra é a', 'revelação da submissão da mulher à situação de violência, que muitas vezes a leva à morte.', 'ênfase na necessidade de se ouvirem os apelos da mulher agredida, que continuamente pede socorro.', 'exploração de situação de duplo sentido, que mostra que atos de dominação e violência não configuram amor.', 'divulgação da importância de denunciar a violência doméstica, que atinge um grande número de mulheres no país.', 'naturalização de situações opressivas, que fazem parte da vida de mulheres que vivem em uma sociedade patriarcal.', 'C', 'A letra da canção explora o duplo sentido das palavras apresentadas, mostrando que o léxico voltado ao amor também pode ser relacionado ao contexto de dominação e violência.', 3, 2, 1, 'F'),
(29, 'A pegada ecológica gigante que estamos a deixar no planeta está a transformá-lo de tal forma que os especialistas consideram que já entramos numa nova época geológica, o Antropoceno. E muitos defendem que, se não travarmos a crise ambiental, mais rapidamente transformaremos a Terra em Vênus do que iremos a Marte. A expressão “Antropoceno” é atribuída ao químico e prêmio Nobel Paul Crutzen, que a propôs durante uma conferência em 2000, ao mesmo tempo que anunciou o fim do Holoceno – a época geológica em que os seres humanos se encontram há cerca de 12 mil anos, segundo a União Internacional das Ciências Geológicas (UICG), a entidade que define as unidades de tempo geológicas.  SILVA, R. D. Antropoceno: e se formos os últimos seres vivos a alterar a Terra? Disponível em: www.publico.pt. Acesso em: 5 dez. 2017 (adaptado).   A concepção apresentada considera a existência de uma nova época geológica concebida a partir da capacidade de influência humana nos processos', 'eruptivos.', 'exógenos.', 'tectônicos.', 'magmáticos.', 'metamórficos.', 'B', 'O antropoceno descrito no texto é caracterizado pela enorme capacidade que o homem atualmente possui de alterar o meio em seu entorno. Isso pode ser exemplificado pela alteração do relevo da superfície terrestre e sua influência no clima e, por isso, nos processos exógenos.', 3, 2, 2, 'M'),
(30, 'Dizem que Humboldt, naturalista do século XIX, maravilhado pela geografia, flora e fauna da região sulamericana, via seus habitantes como se fossem mendigos sentados sobre um saco de ouro, referindo-se a suas incomensuráveis riquezas naturais não exploradas. De alguma maneira, o cientista ratificou nosso papel de exportadores de natureza no que seria o mundo depois da colonização ibérica: enxergou-nos como territórios condenados a aproveitar os recursos naturais existentes.  ACOSTA, A. Bem viver: uma oportunidade para imaginar outros mundos. São Paulo: Elefante, 2016 (adaptado).   A relação entre ser humano e natureza ressaltada no texto refletia a permanência da seguinte corrente filosófica:', 'Relativismo cognitivo.', 'Materialismo dialético.', 'Racionalismo cartesiano.', 'Pluralismo epistemológico.', 'Existencialismo fenomenológico.', 'C', 'A racionalidade é o que vai diferenciar o ser humano dos animais, do restante da natureza. Descarte é considerado o pai do racionalismo moderno.', 3, 2, 2, 'F'),
(31, 'O Instituto Brasileiro do Meio Ambiente e dos Recursos Naturais Renováveis (Ibama) está investigando o extermínio de abelhas por intoxicação por agrotóxicos em colmeias de São Paulo e Minas Gerais. Os estudos com inseticidas do tipo neonicotinoides devem estar concluídos no primeiro semestre de 2015. Trata-se de um problema de escala mundial, presente, inclusive, em países do chamado primeiro mundo, e que traz, como consequência, grave ameaça aos seres vivos do planeta, inclusive ao homem.  IBAMA. Polinizadores em risco de extinção são ameaça à vida do ser humano. Disponível em: www.mma.gov.br. Acesso em: 10 mar. 2014.   Qual solução para o problema apresentado garante a produtividade da agricultura moderna?', 'Preservação da área de mata ciliar.', 'Adoção da prática de adubação química.', 'Utilização da técnica de controle biológico.', 'Ampliação do modelo de monocultura tropical.', 'Intensificação da drenagem do solo de várzea.', 'C', 'O comando da questão pede uma solução que não afete a produtividade da agricultura moderna.Tendo em vista os sistemas agroecológicos, existem formas de realizar um controle biológico, a fim de reduzir as pragas, sem afetar as outras espécies como os agrotóxicos químicos fazem.', 3, 2, 2, 'D'),
(32, 'A hospitalidade pura consiste em acolher aquele que chega antes de lhe impor condições, antes de saber e indagar o que quer que seja, ainda que seja um nome ou um “documento” de identidade. Mas ela também supõe que se dirija a ele, de maneira singular, chamando-o portanto e reconhecendo-lhe um nome próprio: “Como você se chama?” A hospitalidade consiste em fazer tudo para se dirigir ao outro, em lhe conceder, até mesmo perguntar seu nome, evitando que essa pergunta se torne uma “condição”, um inquérito policial, um fichamento ou um simples controle das fronteiras. Uma arte e uma poética, mas também toda uma política dependem disso, toda uma ética se decide aí.  DERRIDA, J. Papel-máquina. São Paulo: Estação Liberdade, 2004 (adaptado).     Associado ao contexto migratório contemporâneo, o conceito de hospitalidade proposto pelo autor impõe a necessidade de', 'anulação da diferença.', 'cristalização da biografia.', 'incorporação da alteridade.', 'supressão da comunicação.', 'verificação da proveniência.', 'C', 'A alteridade compreende-se como um dos princípios fundamentais para que o homem na sua vertente social tem uma relação de interação e dependência com o outro. Dessa maneira, a hospitalidade com os demais seria um exercícios de alteridade no contexto migratório.', 3, 2, 2, 'M'),
(33, 'As redes de alta tensão para transmissão de energia elétrica geram campo magnético variável o suficiente para induzir corrente elétrica no arame das cercas. Tanto os animais quanto os funcionários das propriedades rurais ou das concessionárias de energia devem ter muito cuidado ao se aproximarem de uma cerca quando esta estiver próxima a uma rede de alta tensão, pois, se tocarem no arame da cerca, poderão sofrer choque elétrico.   Para minimizar este tipo de problema, deve-se:', 'Fazer o aterramento dos arames da cerca.', 'Acrescentar fusível de segurança na cerca.', 'Realizar o aterramento da rede de alta tensão.', 'Instalar fusível de segurança na rede de alta tensão.', 'Utilizar fios encapados com isolante na rede de alta tensão.', 'A', 'Segundo o enunciado, a corrente elétrica dos fios de alta tensão geram a variação do fluxo magnético, o que permite a indução de uma corrente em cercas elétricas. Para evitar choques elétricos em animais e pessoas deve-se fazer o aterramento da cerca para que entre em contato com a Terra, o que gera o descarregamento dela', 3, 2, 3, 'F'),
(34, 'A esquistossomose (barriga-d’água) caracteriza-se pela inflamação do fígado e do baço causada pelo verme Schistosoma mansoni (esquistossomo). O contágio ocorre depois que larvas do verme são liberadas na água pelo caramujo do gênero Biomphalaria, seu hospedeiro intermediário, e penetram na pela humana. Após o diagnóstico, o tratamento tradicional utiliza medicamentos por via oral para matar o parasita dentro do corpo. Uma nova estratégia terapêutica baseia-se na utilização de uma vacina, feita a partir de uma proteína extraída do verme, que induz o organismo humano a produzir anticorpos para combater e prevenir a doença.  Instituto Oswaldo Cruz/Fundação Oswaldo Cruz (IOC/Fiocruz). Fiocruz anuncia nova fase de vacina para esquistossomose. Disponível em: http://agencia.fiocruz.br. Acesso em: 3 maio 2019 (adaptado).   Uma vantagem da vacina em relação ao tratamento tradicional é que ela poderá', 'impedir a penetração do parasita pela pele.', 'eliminar o caramujo para que não haja contágio.', 'impedir o acesso do esquistossomo especificamente para o fígado.', 'eliminar o esquistossomo antes que ocorra contato com o organismo.', 'eliminar o esquistossomo dentro do organismo antes da manifestação de sintomas.', 'E', 'A vacina contra esquistossomose permitiria o combate ao verme pelas defesas do corpo antes mesmo da manifestação dos sintomas da doença. Isto ocorre pois a vacina é um método de imunização ativa e permite a memória imunológica, no caso, a partir do reconhecimento das proteínas do verme utilizadas para produção da vacina.', 3, 2, 3, 'F'),
(35, 'Em 1962, um jingle (vinheta musical) criado por Heitor Carillo fez tanto sucesso que extrapolou as fronteiras do rádio e chegou à televisão ilustrado por um desenho animado. Nele, uma pessoa respondia ao fantasma que batia em sua porta, personificando o “frio”, que não o deixaria entrar, pois não abriria a porta e compraria lãs e cobertores para aquecer sua casa. Apesar de memorável, tal comercial televisivo continha incorreções a respeito de conceitos físicos relativos à calorimetria.  DUARTE, M. Jingle é a alma do negócio: livro revela os bastidores das músicas de propagandas. Disponível em: https://guiadoscuriosos.uol.com.br. Acesso em: 24 abr. 2019 adaptado).   Para solucionar essas incorreções, deve-se associar à porta e aos cobertores, respectivamente, as funções de:', 'Aquecer a casa e os corpos.', 'Evitar a entrada do frio na casa e nos corpos.', 'Minimizar a perda de calor pela casa e pelos corpos.', 'Diminuir a entrada do frio na casa e aquecer os corpos.', 'Aquecer a casa e reduzir a perda de calor pelos corpos.', 'C', 'A segunda Lei da Termodinâmica afirma que o fluxo natural de calor é sempre do corpo de maior temperatura para o de menor, não podendo ocorrer o contrário, portanto, de forma espontânea. Para minimizar as trocas de calor, comumente se utiliza materiais maus condutores, que evitam as trocas de calor entre o meio e o corpo.', 3, 2, 3, 'M'),
(36, 'As cutias, pequenos roedores das zonas tropicais, transportam pela boca as sementes que caem das árvores, mas, em vez de comê-las, enterram-nas em outro lugar. Esse procedimento lhes permite salvar a maioria de suas sementes enterradas para as épocas mais secas, quando não há frutos maduros disponíveis. Cientistas descobriram que as cutias roubam as sementes enterradas por outra, e esse comportamento de “ladroagem” faz com que uma mesma semente possa ser enterrada dezenas de vezes.  Disponível em: http://chc.cienciahoje.uol.com.br. Acesso em: 30 jul. 2012.   Essa “ladroagem” está associada à relação de', 'sinfilia.', 'predatismo.', 'parasitismo.', 'competição.', 'comensalismo.', 'D', 'A “ladroagem” entre cotias determina uma competição intraespecífica por alimento entre elas.', 3, 2, 3, 'F'),
(37, 'Em um condomínio, uma área pavimentada, que tem a forma de um círculo com diâmetro medindo 6m, é cercado por grama. A administração do condomínio deseja ampliar essa área, mantendo seu formato circular, e aumentando, em 8m, o diâmetro dessa região, mantendo o revestimento da parte já existente. O condomínio dispõe, em estoque, de material suficiente para pavimentar mais 100 m² de área.     O síndico do condomínio irá avaliar se esse material disponível será suficiente para pavimentar a região a ser ampliada. Utilize 3 como aproximação para π.   A conclusão correta a que o síndico deverá chegar, considerando a nova área a ser pavimentada, é a de que o material disponível em estoque:', 'será suficiente, pois a área da nova região a ser pavimentada mede 21 m².', 'será suficiente, pois a área da nova região a ser pavimentada mede 24 m².', 'será suficiente, pois a área da nova região a ser pavimentada mede 48 m².', 'não será suficiente, pois a área da nova região a ser pavimentada mede 108 m².', 'não será suficiente, pois a área da nova região a ser pavimentada mede 120 m².', 'E', 'A área da região a ser pavimentada equivale à diferença entre o círculo maior formado pela área total (pavimentada + não pavimentada) e o círculo menor da área pavimentada.  O círculo menor possui diâmetro igual a 6 metros. Como o raio equivale à metade do diâmetro, teremos-  r = 6/2  r = 3 metros  O círculo maior possui diâmetro de (6 + 8) metros.  D = 6 + 8 = 14 metros  R = 14/2  R = 7 metros   A área de uma circunferência, ou seja, o tamanho da superfície delimitada pela circunferência, pode ser calculada por meio da seguinte equação-  A = π. R²  Calculando a área que será pavimentada-  A = π. R² - π. r²  A = 3. 7² - 3. 3²  A = 147 - 27  A = 120 m²', 3, 2, 4, 'M');
INSERT INTO `questoes` (`id_questao`, `enunciado_questao`, `altA_questao`, `altB_questao`, `altC_questao`, `altD_questao`, `altE_questao`, `altCerta_questao`, `resolucao_questao`, `id_usuario`, `id_prova`, `id_disciplina`, `dificuldade`) VALUES
(38, 'Em um jogo on-line, cada jogador procura subir de nível e aumentar sua experiência, que são dois parâmetros importantes no jogo, dos quais dependem as forças de defesa e de ataque do participante. A força de defesa de cada jogador é diretamente proporcional ao seu nível e ao quadrado de sua experiência, enquanto sua força de ataque é diretamente proporcional à sua experiência e ao quadrado do seu nível. Nenhum jogador sabe o nível ou a experiência dos demais. Os jogadores iniciam o jogo no nível 1 com experiência 1 e possuem força de ataque 2 e de defesa 1. Nesse jogo, cada participante se movimenta em uma cidade em busca de tesouros para aumentar sua experiência. Quando dois deles se encontram, um deles pode desafiar o outro para um confronto, sendo o desafiante considerado o atacante. Compara-se então a força de ataque do desafiante com a força de defesa do desafiado e vence o confronto ao confronto aquele cuja força for maior. O vencedor do desafio aumenta seu nível em uma unidade. Caso haja empate no confronto, ambos os jogadores aumentam seus níveis em uma unidade.  Durante um jogo, o jogador J1 de nível 4 e experiência 5, irá atacar o jogador J2, de nível 2 e experiência 6.   O jogador J1, venceu esse confronto porque a diferença entre sua força de ataque e a força de defesa de seu oponente era', '112.', '88.', '60.', '28.', '24.', 'B', 'FD = Kd.N.E²  FA = Ka.E.N²  1 = Kd.1.1  2 = Ka.1.1    Kd = 1   Ka = 2.  Com isso, sabemos que o jogador 1 tem;  N = 4 e E = 5.  FA = Ka.E.N²  Fa = 2.5.4² = 160  Com o jogador 2, já podemos dizer que:    N = 2 e E = 6  FD = Kd.N.E²    FD = 1.2.6² = 72.  Finalizando então, veremos:    160 - 72 = 88.', 3, 2, 4, 'D'),
(39, 'O rótulo da embalagem de um cosmético informa que a dissolução de seu conteúdo, de acordo com suas especificações, rende 2,7 litros desse produto pronto para o uso. Uma pessoa será submetida a um tratamento estético em que deverá tomar um banho de imersão com esse produto numa banheira com capacidade de 0,3 m³.  Para evitar o transbordamento, essa banheira será preenchida em 80% de sua capacidade.   Para esse banho, o número mínimo de embalagens desse cosmético é', '9.', '12.', '89.', '112.', '134.', 'C', 'Para transformar o volume total da banheira de m³ para litros, devemos lembrar que 1 m³ equivale a 1000 litros-  1 m³ --------------------------------------- 1000 litros  0,3m³ ---------------------------------------- V  V = 300 litros  Como apenas 80% da banheira deve ser preenchida com o produto diluído, o volume total que deve ser colocado na banheira é de-  Vtotal = 80%. 300  Vtotal = 0,80. 300  Vtotal = 240 litros  Utilizando uma regra de três simples, podemos calcular quantas embalagens renderão 240 litros.  1 embalagem ------------------------------------------- 2,7 litros  x embalagens ------------------------------------------- 240 litros  x = 240/2,7  x ≅ 89 embalagens', 3, 2, 4, 'M'),
(40, 'Uma pessoa se interessou em adquirir um produto anunciado em uma loja. Negociou com o gerente e conseguiu comprá-lo a uma taxa de juros compostos de 1% ao mês. O primeiro pagamento será um mês após a aquisição do produto, e no valor de R$ 202,00. O segundo pagamento será efetuado um mês após o primeiro, e terá o valor de R$ 204,02. Para concretizar a compra, o gerente emitirá uma nota fiscal com o valor do produto à vista negociado com o cliente, correspondendo ao financiamento aprovado.   O valor à vista, em real, que deverá constar na nota fiscal é de', '398,02', '400,00', '401,94', '404,00', '406,02', 'B', 'M= C(1 + i)^t  i= 1%= 0,01 -----> M= C(1,01i)^t  1° mês: 202= C*1,01 ------> C1= 200  2° mês: 204,02= C*1,01^2 ----C2= 200  De acordo com o comando da questão, temos o seguinte: \"O valor à vista\"  200+ 200= R$ 400,00', 3, 2, 4, 'D');

-- --------------------------------------------------------

--
-- Estrutura da tabela `realiza`
--

CREATE TABLE `realiza` (
  `id_usuario` int(11) NOT NULL,
  `id_prova` int(11) NOT NULL,
  `pontuacao` int(11) NOT NULL,
  `data` datetime NOT NULL
) ENGINE=InnoDB DEFAULT CHARSET=utf8mb4;

-- --------------------------------------------------------

--
-- Estrutura da tabela `redacao`
--

CREATE TABLE `redacao` (
  `id_redacao` int(11) NOT NULL,
  `autor_redacao` varchar(70) NOT NULL,
  `tema_redacao` varchar(100) NOT NULL,
  `intro_redacao` varchar(1500) NOT NULL,
  `desen1_redacao` varchar(1500) NOT NULL,
  `desen2_redacao` varchar(1500) NOT NULL,
  `concl_redacao` varchar(1500) NOT NULL,
  `id_usuario` int(11) NOT NULL,
  `id_prova` int(11) NOT NULL
) ENGINE=InnoDB DEFAULT CHARSET=utf8mb4;

--
-- Extraindo dados da tabela `redacao`
--

INSERT INTO `redacao` (`id_redacao`, `autor_redacao`, `tema_redacao`, `intro_redacao`, `desen1_redacao`, `desen2_redacao`, `concl_redacao`, `id_usuario`, `id_prova`) VALUES
(1, 'Thais Saeger Ruschmann da Costa', 'Manipulação do comportamento do usuário pelo controle de dados na internet', 'É fato que a tecnologia revolucionou a vida em sociedade nas mais variadas esferas, a exemplo da saúde, dos transportes e das relações sociais. No que concerne ao uso da internet, a rede potencializou o fenômeno da massificação do consumo, pois permitiu, por meio da construção de um banco de dados, oferecer produtos de acordo com os interesses dos usuários. Tal personalização se observa, também, na divulgação de informações que, dessa forma, se tornam, muitas vezes, tendenciosas. Nesse sentido, é necessário analisar tal quadro, intrinsecamente ligado a aspectos educacionais e econômicos.', 'É importante ressaltar, em primeiro plano, de que forma o controle de dados na internet permite a manipulação do comportamento dos usuários. Isso ocorre, em grande parte, devido ao baixo senso crítico da população, fruto de uma educação tecnicista, na qual não há estímulo ao questionamento. Sob esse âmbito, a internet usufrui dessa vulnerabilidade e, por intermédio da uma análise dos sites mais visitados por determinado indivíduo, consegue rastrear seus gostos e propor notícias ligadas aos seus interesses, limitando, assim, o modo de pensar dos cidadãos. Em meio a isso, uma analogia com a educação libertadora proposta por Paulo Freire mostra-se possível, uma vez que o pedagogo defendia um ensino capaz de estimular a reflexão e, dessa forma, libertar o indivíduo da situação a qual encontra-se sujeitado – neste caso, a manipulação.', 'Cabe mencionar, em segundo plano, quais os interesses atendidos por tal controle de dados. Essa questão ocorre devido ao capitalismo, modelo econômico vigente desde o fim da Guerra Fria, em 1991, o qual estimula o consumo em massa. Nesse âmbito, a tecnologia, aliada aos interesses do capital, também propõe aos usuários da rede produtos que eles acreditam ser personalizados. Partindo desse pressuposto, esse cenário corrobora o termo “ilusão da contemporaneidade” defendido pelo filósofo Sartre, já que os cidadãos acreditam estar escolhendo uma mercadoria diferenciada mas, na verdade, trata-se de uma manipulação que visa ampliar o consumo.', 'Infere-se, portanto, que o controle do comportamento dos usuários possui íntima relação com aspectos educacionais e econômicos. Desse modo, é imperiosa uma ação do MEC, que deve, por meio da oferta de debates e seminários nas escolas, orientar os alunos a buscarem informações de fontes confiáveis como artigos científicos ou por intermédio da checagem de dados, com o fito de estimular o senso crítico dos estudantes e, dessa forma, evitar que sejam manipulados. Visando ao mesmo objetivo, o MEC pode, ainda, oferecer uma disciplina de educação tecnológica nas escolas, através de sua inclusão na Base Comum Curricular, causando um importante impacto na construção da consciência coletiva. Assim, observar-se-ia uma população mais crítica e menos iludida.', 1, 1),
(2, 'Adrielly Clara Enriques Dias', 'O estigma associado às doenças mentais na sociedade brasileira ', 'No filme estadunidense “Joker”, estrelado por Joaquin Phoenix, é retratado a vida de Arthur Fleck, um homem que, em virtude de sua doença mental, é esquecido e discriminado pela sociedade, acarretando, inclusive, piora no seu quadro clínico. Assim, como na obra cinematográfica abordada, observa-se que, na conjuntura brasileira contemporânea, devido a conceitos preconceituosos perpetuados ao longo da história humana, há um estigma relacionado aos transtornos mentais, uma vez que os indivíduos que sofrem dessas condições são marginalizados. Ademais, é preciso salientar, ainda, que a sociedade atual carece de informações a respeito de tal assunto, o que gera um estranhamento em torno da questão.', 'Em primeiro lugar, faz-se necessário mencionar o período da Idade Média, na Europa, em que os doentes mentais eram vistos como serem demoníacos, já que, naquela época, não havia estudos acerca dessa temática e, consequentemente, ideais absurdas eram disseminadas como verdades. É perceptível, então, que existe uma raiz histórica para o estigma atual vivenciado por pessoas que têm transtornos mentais, ocasionando um intenso preconceito e exclusão. Outrossim, não se pode esquecer de que, graças aos fatos supracitados, tais indivíduos recebem rótulos mentirosos, como, por exemplo, o estereótipo de que todos que possuem problemas psicológicos são incapazes de manter relacionamentos saudáveis, ou seja, não conseguem interagir com outros seres humanos de forma plena. Fica claro, pois, que as doenças mentais são tratadas de forma equivocada, ferindo a dignidade de toda a população.', 'Em segundo lugar, ressalta-se que já, no Brasil, uma evidente falta de informações sobre transtornos mentais, fomentando grande preconceito e estranhamento com essas doenças. Nesse sentido, é lícito referenciar o filósofo grego Platão, que, em sua obra à República, narrou o intitulado “Mito da Caverna”, no qual homens, acorrentados em uma caverna, viam somente sombras na parede, acreditando, portanto, que aquilo era a realidade das coisas. Dessa forma, é notório que, em situação análoga à metáfora abordada, os brasileiros, sem acesso aos conhecimentos acerca dos transtornos mentais, vivem na escuridão, isto é, ignorância, disseminando atitudes preconceituosas. Logo, é evidente a grande importância das informações, haja vista que a falta delas aumenta o estigma relacionado às doenças mentais, prejudicando a qualidade de vida das pessoas que sofrem com tais transtornos.', 'Destarte, medidas são necessárias para resolver os problemas discutidos. Isto posto, cabe à escola, forte ferramenta de formação de opinião, realizar rodas de conversa com os alunos sobre a problemática do preconceito com os transtornos mentais, além de trazer informações científicas sobre tal questão. Essa ação pode se concretizar por meio da atuação de psiquiatras e professores de sociologia, estes irão desconstruir a visão discriminatória dos estudantes, enquanto que aqueles irão mostrar dados/informações relevantes sobre as doenças psiquiátricas. Espera-se, com essa medida, que o estigma associado às doenças mentais seja paulatinamente erradicado. ', 1, 3),
(3, 'Ingrid Bascef', 'O estigma associado às doenças mentais na sociedade brasileira ', 'Na obra “Quincas Borba”, de Machado de Assis, é mencionada a trajetória de Rubião que, após receber grande herança e atrair vários amigos, é acometido por uma enfermidade mental, fazendo com que seus conhecidos se afastassem e que fosse abandonado em um hospital psiquiátrico. Fora da ficção, o estigma associado às doenças mentais também é presente na sociedade brasileira, haja vista que muitos indivíduos com transtornos dessa ordem são excluídos da sociedade e que muitas pessoas com sintomas de desequilíbrio mental não buscam ajuda.', 'Em primeiro lugar, é relevante destacar que o estigma associado às doenças mentais faz com que as pessoas acometidas por essas enfermidades sejam excluídas do meio social. Nesse sentido, Nise da Silveira, médica psiquiatra, revelou que muitas famílias se envergonham por terem um ente com transtornos mentais e optam por o deixar, de forma vitalícia e quase sem visitas, em hospitais especializados. Desse modo, o preconceito com doenças mentais na sociedade brasileira gera a ocultação, em clínicas médicas, das pessoas que não se enquadram dentro de um perfil esperado de normalidade, engendrando a exclusão social.', 'Ademais, o estigma e a falta de informação sobre doenças mentais fazem com que muitos indivíduos, com sintomas dessas patologias, não busquem ajuda especializada. Nesse contexto, pesquisas aventadas pela Organização Mundial de Saúde revelaram que menos da metade das pessoas com os primeiros sinais de transtornos, como pânico e depressão, procura ajuda médica por temer julgamentos e invalidações. Assim, o preconceito da sociedade brasileira com as doenças mentais faz jus com que a busca por tratamento, por parte dos doentes, seja evitada, aumentando, ainda mais, o índice de brasileiros debilitados por essas mazelas.', 'Portanto, é necessário que o Estado, em conjunto com o Ministério da Saúde, informem a população sobre a que são, de fato, as doenças mentais e a importância do tratamento para que o estigma associado a eles finde. Tal tarefa será realizada por meio de expansivas campanhas publicitárias nos veículos de comunicação em massa, como a internet e a televisão, com profissionais de saúde especializados no assunto, o que fará com que o povo brasileiro seja elucidado sobre essas patologias rapidamente. Sendo assim, episódios de abandono e preconceito associados a transtornos mentais, como o de Rubião, estarão apenas nos livros.', 1, 3),
(4, 'Lucas Rios', ' Democratização do acesso ao cinema no Brasil', 'O cinema se tornou uma tecnologia com grande potencial expressivo e, por essa razão, é considerado uma forma de arte. Simultaneamente, apresenta elevado valor lúdico, prova pelo recente sucesso de obras como \"Coringa\" e \"Vingadores: Ultimato\". Infelizmente, no contexto brasileiro, nem todos têm amplo acesso a tal maravilha. Nesse sentido, percebe-se a existência de problemas sociais e econômicos que dificultam a democratização dessa atividade no país. ', 'Segundo o economista Ludwig von Mises, um dos grandes nomes da Escola Austríaca de Economia, o homem quando em liberdade, tende a agir buscando a maximização de sua felicidade. Sob essa ótica, nota-se que indivíduos com baixo poder aquisitivo priorizarão serviços de necessidade básica (como alimentação, saúde e moradia) em detrimento de atividades culturais, uma vez que aqueles, por serem essenciais à sobrevivência, lhes farão mais felizes que estes. Assim, a fragilidade econômica torna-se um fator de exclusão de certas parcelas da população nacional do mundo cinematográfico. ', 'Além disso, de acordo com o Índice de Liberdade Econômica desenvolvido pela Heritage Foundation, o Brasil está entre os piores países para abrir uma empresa. Isso é resultado da alta complexidade tributária e burocrática, que resulta em maiores custos tanto para empreendedores quanto para consumidores. Por não ser imune a tal fenômeno, o setor do cinema sofre com as mesmas consequências, que restringem ainda mais a participação popular nas sessões. Dessa forma, a abertura e simplificação desse mercado são medidas necessárias para democratizá-lo, dado que reduzem os preços. ', 'Diante do exposto, evidenciam-se os desafios sociais e econômicos para o pleno acesso da população brasileira às obras cinematográficas. Cabe, então, ao Ministério da Cidadania, por ter herdado as funções do extindo Ministério da Cultura, criar, por meio de parcerias com as empresas do setor, entradas gratuitas periódicas para a população de baixa renda, de modo a facilitar a sua participação nas salas de cinema e, consequentemente, popularizar o acesso à cultura. Paralelamente, o Ministério da Economia deve estimular, através de medidas provisórias, a redução de impostos e regulações no mercado citado. Desse modo, concretizar-se-ão os seus valores lúdico e artístico, que serão apreciados pelo povo brasileiro como um todo.', 1, 2),
(5, 'Vitoria Oliveira', ' Democratização do acesso ao cinema no Brasil', 'Em sua obra “Cidadãos de Papel”, o célebre escritor Gilberto Dimestein disserta acerca da inefetividade dos direitos constitucionais, sobretudo, no que se refere à desigualdade de acesso aos benefícios normativos. Diante disso, a conjuntura dessa análise configura-se no Brasil atual, haja vista que o acesso ao cinema, no país, ainda não é democrático. Essa realidade se deve, essencialmente, à falta de subsídios para infraestrutura nas regiões periféricas e à urbanização desordenada das urbes. ', 'Sob esse viés, é importante ressaltar que a logística de instalação de salas de cinemas, nas cidades pequenas, é precária. Nesse sentido, segundo o Contrato Social – o proposto pelo contratualista John Locke - , cabe ao Estado fornecer medidas que garantam o bem-estar coletivo. Contudo, a infraestrutura das cidades pequenas e médias é, muitas vezes, pouco dotada de incentivos para a construção de salas de exibição de filmes, como centros de lazer – dotados de praça de alimentação, por exemplo. Com isso, uma parcela expressiva da população é excluída dessa atividade cultural, o que, além de evidenciar o contexto discutido por Gilberto Dimenstein, vai de encontro ao Contrato Social. Desse modo, políticas públicas eficazes tornariam possível maior acesso ao direito de cultura, garantido pela Magna Carta de 1988, por meio do cinema. ', 'Além disso, o crescimento urbano desordenado gerou a concentração de cinemas em determinadas áreas da cidade, o que excluiu, principalmente, os locais pouco evidenciados pelo mercado imobiliário. Nessa linha de raciocínio, o geógrafo Milton Santos atribuiu ao inchaço urbano desenfreado o surgimento de processos como a Gentrificação, a qual “expulsa” a parcela de indivíduos de baixa renda da sua moradia. Devido a isso, a distribuição de salas de cinema ocorreu de maneira desigual, privilegiando áreas nobres. Por conseguinte, as favelas – localidades sem aparatos sociais – possuem pouco ou nenhum acesso à arte cinematográfica, o que evidencia um exército de “cidadãos de papel”. Assim, o cinema pode ampliar o seu alcance mediante a ação de setores sociais que forneça infraestrutura de filmes.', 'Portanto, para a efetiva democratização do acesso ao cinema no Brasil, é importante que o Governo Federal, por intermédio de subsídios tributários estaduais, forneça a descentralização das salas cinematográficas no território, a partir da instalação de unidades de cinema nas regiões que não possuem – com aparato qualificado, variedade de exibições e praça de alimentação - , a fim de proporcionar a cultura do cinema para a parcela de cidadãos excluída. Ao mesmo tempo a isso, cabe ao Ministério da Cultura – principal órgão intermediador de políticas culturais no país – propor um vale cinema para aqueles que não possuem renda suficiente para a compra, com direito a pelo menos duas oportunidades mensais, para que o direito aos filmes não seja restrito por critérios censitários. Dessa forma, poder-se-ia atenuar a desigualdade discutida por Dimenstein.', 1, 2),
(6, 'Lucas Felpi', 'Manipulação do comportamento do usuário pelo controle de dados na internet', 'No livro “1984” de George Orwell, é retratado um futuro distópico em que um Estado totalitário controla e manipula toda forma de registro histórico e contemporâneo, a fim de moldar a opinião pública a favor dos governantes. Nesse sentido, a narrativa foca na trajetória de Winston, um funcionário do contraditório Ministério da Verdade que diariamente analisa e altera notícias e conteúdos midiáticos para favorecer a imagem do Partido e formar a população através de tal ótica. Fora da ficção, é fato que a realidade apresentada por Orwell pode ser relacionada ao mundo cibernético do século XXI: gradativamente, os algoritmos e sistemas de inteligência artificial corroboram para a restrição de informações disponíveis e para a influência comportamental do público, preso em uma grande bolha sociocultural.', 'Em primeiro lugar, é importante destacar que, em função das novas tecnologias, internautas são cada vez mais expostos a uma gama limitada de dados e conteúdos na internet, consequência do desenvolvimento de mecanismos filtradores de informação a partir do uso diário individual. De acordo com o filósofo Zygmund Baüman, vive-se atualmente um período de liberdade ilusória, já que o mundo digitalizado não só possibilitou novas formas de interação com o conhecimento, mas também abriu portas para a manipulação e alienação vistas em “1984”. Assim, os usuários são inconscientemente analisados e lhes é apresentado apenas o mais atrativo para o consumo pessoal.', 'Por conseguinte, presencia-se um forte poder de influência desses algoritmos no comportamento da coletividade cibernética: ao observar somente o que lhe interessa e o que foi escolhido para ele, o indivíduo tende a continuar consumindo as mesmas coisas e fechar os olhos para a diversidade de opções disponíveis. Em um episódio da série televisiva Black Mirror, por exemplo, um aplicativo pareava pessoas para relacionamentos com base em estatísticas e restringia as possibilidades para apenas as que a máquina indicava – tornando o usuário passivo na escolha. Paralelamente, esse é o objetivo da indústria cultural para os pensadores da Escola de Frankfurt: produzir conteúdos a partir do padrão de gosto do público, para direcioná-lo, torná-lo homogêneo e, logo, facilmente atingível.', 'Portanto, é mister que o Estado tome providências para amenizar o quadro atual. Para a conscientização da população brasileira a respeito do problema, urge que o Ministério de Educação e Cultura (MEC) crie, por meio de verbas governamentais, campanhas publicitárias nas redes sociais que detalhem o funcionamento dos algoritmos inteligentes nessas ferramentas e advirtam os internautas do perigo da alienação, sugerindo ao interlocutor criar o hábito de buscar informações de fontes variadas e manter em mente o filtro a que ele é submetido. Somente assim, será possível combater a passividade de muitos dos que utilizam a internet no país e, ademais, estourar a bolha que, da mesma forma que o Ministério da Verdade construiu em Winston de “1984”, as novas tecnologias estão construindo nos cidadãos do século XXI.', 2, 1),
(7, 'Clara de Jesus', 'Manipulação do comportamento do usuário pelo controle de dados na internet', '“Black Mirror” é uma série americana que retrata a influência da tecnologia no cotidiano de uma sociedade futura. Em um de seus episódios, é apresentado um dispositivo que atua como uma babá eletrônica mais desenvolvida, capaz de selecionar as imagens e sons que os indivíduos poderiam vivenciar. Não distante da ficção, nos dias atuais, existem algoritmos especiais ligados em filtrar informações de acordo com a atividade “online” do cidadão. Por isso, torna-se necessário o debate acerca da manipulação comportamental do usuário pelo controle de dados na internet.', 'Primeiramente, é notável que o acesso a esse meio de comunicação ocorre de maneira, cada vez mais, precoce. Segundo pesquisa divulgada pelo IBGE, no ano de 201, apenas 35% dos entrevistados, que apresentavam idade igual ou superior a 10 anos, nunca haviam utilizado a internet. Isso acontece porque desde cedo a criança tem contato com aparelhos tecnológicos que necessitam da disponibilidade de uma rede de navegação, que memoriza cada passo que esse jovem indivíduo dá para traçar um perfil de interesse dele e, assim, fornecer assuntos e produtos que tendem a agradar ao usuário. Dessa forma, o uso da internet torna-se uma imposição viciosa para relações sócio-econômicas.', 'Em segundo lugar, o ser humano perde sua capacidade de escolha. Conforme o conceito de “Mortificação do Eu”, do sociólogo Erving Goffman, é possível entender o que ocorre na internet que induz o indivíduo a ter um comportamento alienado. Tal preceito afirma que, por influência de fatores coercitivos, o cidadão perde seu pensamento individual e junta-se a uma massa coletiva. Dentro do contexto da internet, o usuário, sem perceber, é induzido a entrar em determinados sites devido a um “bombardeio” de propagandas que aparece em seu dispositivo conectado. Evidencia-se, portanto, uma falsa liberdade de escolha quanto ao que fazer no mundo virtual.', 'Com o intuito de amenizar essa problemática, o Congresso Nacional deve formular leis que limitem esse assédio comercial realizado por empresas privadas, por meio de direitos e punições aos que descumprirem, a fim de acabar com essa imposição midiática. As escolas, em parceria com as famílias, devem inserir a discussão sobre esse tema tanto no ambiente doméstico quanto no estudantil, por intermédio de palestrantes, com a participação de psicólogos e especialistas, que debatam acerca de como agir “online”, com o objetivo de desenvolver, desde a infância, a capacidade de utilizar a tecnologia a seu favor. Feito isso, o conflito vivenciado na série não se tornará realidade.', 1, 1),
(8, 'Raíssa Piccoli Fontoura', 'O estigma associado às doenças mentais na sociedade brasileira', 'De acordo com o filósofo Platão, a associação entre saúde física e mental seria imprescindível para a manutenção da integridade humana. Nesse contexto, elucida-se a necessidade de maior atenção ao aspecto psicológico, o qual, além de estar suscetível a doenças, também é alvo de estigmatização na sociedade brasileira. Tal discriminação é configurada a partir da carência informacional concatenada à idealização da vida nas redes sociais, o que gera a falta de suporte aos necessitados. Isso mostra que esse revés deve ser solucionado urgentemente.', 'Sob essa análise, é necessário salientar que fatores relevantes são combinados na estruturação dessa problemática. Dentre eles, destaca-se a ausência de informações precisas e contundentes a respeito das doenças mentais, as quais, muitas vezes, são tratadas com descaso e desrespeito. Essa falta de subsídio informacional é grave, visto que impede que uma grande parcela da população brasileira conheça a seriedade das patologias psicológicas, sendo capaz de comprometer a realização de tratamentos adequados, a redução do sofrimento do paciente e a sua capacidade de recuperação. Somada a isso, a veiculação virtual de uma vida idealizada também contribui para a construção dessa caótica conjuntura, pois é responsável pela crença equivocada de que a existência humana pode ser feita, isto é, livre de obstáculos e transtornos. Esse entendimento falho da realidade fez com que os indivíduos que não se encaixem nos padrões difundidos, em especial no que concerne à saúde mental, sejam vítimas de preconceito e exclusão. Evidencia-se, então, que a carência de conhecimento associado à irrealidade digitalmente disseminada arquitetam esse lastimável panorama.', 'Consequentemente, tais motivadores geram incontestáveis e sérios efeitos na vida dos indivíduos que sofrem de algum gênero de doença mental. Tendo isso em vista, o acolhimento insuficiente e a falta de tratamento são preocupantes, uma vez que os acometidos precisam de compreensão, respeito e apoio para disporem de mais energia e motivação no enfrentamento dessa situação, além de acompanhamento médico e psicológico também ser essencial para que a pessoa entenda seus sentimentos e organize suas estruturas psicológicas de uma forma mais salutar e emancipadora. O filme “Toc toc” retrata precisamente o processo de cura de um grupo de amigos que são diagnosticados com transtornos de ordem psicológica, revelando que o carinho fraternal e o entendimento mútuo são ferramentas fundamentais no desenvolvimento integral da saúde. Mostra-se, assim, que a estigmatização de doentes mentais produz a escassez de elementos primordiais para que eles possam ser tratados e curados.', 'Urge, portanto, que o Ministério da Saúde crie uma plataforma, por meio de recursos digitais, que contenha informações a respeito das doenças mentais e que proponha comportamentos e atitudes adequadas a serem adotados durante uma interação com uma pessoa que esteja com alguma patologia do gênero, além de divulgar os sinais mais frequentes relacionados à ausência de saúde psicológica. Essa medida promoverá uma maior rede informacional e propiciará um maior apoio aos necessitados. Ademais, também cabe à sociedade e a mídia elaborar campanhas que preguem a contrariedade ao preconceito no que tange os doentes dessa natureza, o que pode ser efetivado através de mobilizações em redes sociais e por intermédio de programas televisivos com viés informativo. Tal iniciativa é capaz de engajar a população brasileira no combate a esse tipo de discriminação. Com isso, a ideia platônica será convertida em realidade no Brasil.', 1, 3),
(9, 'Nayra Alves', ' Democratização do acesso ao cinema no Brasil', 'No Brasil, apesar de a Constituição Federal de 1988, em seu artigo 215, garantir acesso à cultura a todos os brasileiros, nota-se que muitos cidadãos não usufruem dessa prerrogativa, tendo em vista que uma grande parcela social não tem acesso ao cinema. Dessa forma, esse cenário comprometedor exige ações mais eficazes do poder público e das instituições de ensino, a fim de assegurar a igualdade de acesso ao universo cinematográfico.', 'Efetivamente, é notório o desacordo que existe entre o que é assegurado pela Constituição e a realidade do país, uma vez que muitos municípios não possuem cinemas ou espaços destinados à exposição de filmes, séries e documentários. Esse nefasto paradigma atesta, sobretudo, uma grande desigualdade no acesso à cultura do país, tendo em vista que em grandes cidades, como o Rio de Janeiro, o cinema é mais valorizado. Além disso, vale ressaltar que tal desigualdade fere a Declaração Universal dos Direitos Humanos de 1948, a qual assegura a produção cultural e lazer como um direito de todos. Logo, é fundamental que o poder público desenvolva medidas, como a construção de mais espaços destinados aos espectadores, com o intuito de que os anseios do artigo 215 tenham realmente vigor.', 'Ademais, outro fator preponderante é que, apesar da modernização do universo cinematográfico, o qual, atualmente, possui filmes em “3D” e salas de cinema bastante equipadas, muitos brasileiros não conseguem arcar, por exemplo, com o custo do ingresso ou, até mesmo, o espaço destinado à exibição de filmes, como shopping center, é distante do local onde essas pessoas residem, inviabilizando, assim, o acesso à cultura previsto na Constituição. Esse panorama conflituoso explicita a necessidade das instituições de ensino em atuar de forma mais efetiva, promovendo, por exemplo, “noites do filme” na comunidade que se sejam gratuitas, a fim de democratizar o acesso ao cinema, sendo essa uma forma de entretenimento da população, bem como de transmissão de conhecimento. ', 'Portanto, cabe ao poder público intensificar os investimentos no acesso à produção cultural do país, sobretudo, ao cinema, mediante replanejamento orçamentário, que viabilize a destinação de mais verbas para a construção de cinemas nos municípios, com o propósito de que mais brasileiros possam usufruir dessa importante ferramenta para o lazer. Outrossim, as instituições de ensino, como as escolas e as universidades, devem promover a democratização do acesso ao cinema, por meio da exibição gratuita de filmes em, por exemplo, auditórios e quadras escolares em horários noturnos, com o fito de que todas as parcelas sociais possam ser atendidas.', 1, 2);

-- --------------------------------------------------------

--
-- Estrutura da tabela `usuario`
--

CREATE TABLE `usuario` (
  `id_usuario` int(11) NOT NULL,
  `nome_usuario` varchar(70) NOT NULL,
  `email_usuario` varchar(70) DEFAULT NULL,
  `senha_usuario` varchar(20) NOT NULL,
  `admin` tinyint(1) NOT NULL
) ENGINE=InnoDB DEFAULT CHARSET=utf8mb4;

--
-- Extraindo dados da tabela `usuario`
--

INSERT INTO `usuario` (`id_usuario`, `nome_usuario`, `email_usuario`, `senha_usuario`, `admin`) VALUES
(1, 'Milena Caroline da Silva Soares', 'milena.cs.soares@gmail.com', '12345', 1),
(2, 'Karin Marie Silva dos Santos', 'karinmarierj@gmail.com', '12345', 1),
(3, 'Thomas Cardoso de Miranda', 'gamesextremesbr@gmail.com', '654321', 1),
(4, 'usuario', 'usuario@gmail.com', 'usuario', 0);

--
-- Índices para tabelas despejadas
--

--
-- Índices para tabela `disciplina`
--
ALTER TABLE `disciplina`
  ADD PRIMARY KEY (`id_disciplina`);

--
-- Índices para tabela `mensagens`
--
ALTER TABLE `mensagens`
  ADD PRIMARY KEY (`id_mensagem`);

--
-- Índices para tabela `pontuacao_geral`
--
ALTER TABLE `pontuacao_geral`
  ADD PRIMARY KEY (`id_pontuacao`),
  ADD KEY `id_usuario` (`id_usuario`);

--
-- Índices para tabela `prova`
--
ALTER TABLE `prova`
  ADD PRIMARY KEY (`id_prova`);

--
-- Índices para tabela `questoes`
--
ALTER TABLE `questoes`
  ADD PRIMARY KEY (`id_questao`),
  ADD KEY `id_usuario` (`id_usuario`),
  ADD KEY `id_prova` (`id_prova`),
  ADD KEY `id_disciplina` (`id_disciplina`);

--
-- Índices para tabela `realiza`
--
ALTER TABLE `realiza`
  ADD PRIMARY KEY (`id_usuario`,`id_prova`),
  ADD KEY `id_prova` (`id_prova`);

--
-- Índices para tabela `redacao`
--
ALTER TABLE `redacao`
  ADD PRIMARY KEY (`id_redacao`),
  ADD KEY `id_usuario` (`id_usuario`),
  ADD KEY `id_prova` (`id_prova`);

--
-- Índices para tabela `usuario`
--
ALTER TABLE `usuario`
  ADD PRIMARY KEY (`id_usuario`),
  ADD UNIQUE KEY `email_usuario` (`email_usuario`);

--
-- AUTO_INCREMENT de tabelas despejadas
--

--
-- AUTO_INCREMENT de tabela `disciplina`
--
ALTER TABLE `disciplina`
  MODIFY `id_disciplina` int(11) NOT NULL AUTO_INCREMENT, AUTO_INCREMENT=5;

--
-- AUTO_INCREMENT de tabela `mensagens`
--
ALTER TABLE `mensagens`
  MODIFY `id_mensagem` int(11) NOT NULL AUTO_INCREMENT, AUTO_INCREMENT=27;

--
-- AUTO_INCREMENT de tabela `pontuacao_geral`
--
ALTER TABLE `pontuacao_geral`
  MODIFY `id_pontuacao` int(11) NOT NULL AUTO_INCREMENT;

--
-- AUTO_INCREMENT de tabela `prova`
--
ALTER TABLE `prova`
  MODIFY `id_prova` int(11) NOT NULL AUTO_INCREMENT, AUTO_INCREMENT=4;

--
-- AUTO_INCREMENT de tabela `questoes`
--
ALTER TABLE `questoes`
  MODIFY `id_questao` int(11) NOT NULL AUTO_INCREMENT, AUTO_INCREMENT=41;

--
-- AUTO_INCREMENT de tabela `redacao`
--
ALTER TABLE `redacao`
  MODIFY `id_redacao` int(11) NOT NULL AUTO_INCREMENT, AUTO_INCREMENT=10;

--
-- AUTO_INCREMENT de tabela `usuario`
--
ALTER TABLE `usuario`
  MODIFY `id_usuario` int(11) NOT NULL AUTO_INCREMENT, AUTO_INCREMENT=5;

--
-- Restrições para despejos de tabelas
--

--
-- Limitadores para a tabela `pontuacao_geral`
--
ALTER TABLE `pontuacao_geral`
  ADD CONSTRAINT `pontuacao_geral_ibfk_1` FOREIGN KEY (`id_usuario`) REFERENCES `usuario` (`id_usuario`) ON UPDATE CASCADE;

--
-- Limitadores para a tabela `questoes`
--
ALTER TABLE `questoes`
  ADD CONSTRAINT `questoes_ibfk_1` FOREIGN KEY (`id_usuario`) REFERENCES `usuario` (`id_usuario`) ON UPDATE CASCADE,
  ADD CONSTRAINT `questoes_ibfk_2` FOREIGN KEY (`id_prova`) REFERENCES `prova` (`id_prova`) ON UPDATE CASCADE,
  ADD CONSTRAINT `questoes_ibfk_3` FOREIGN KEY (`id_disciplina`) REFERENCES `disciplina` (`id_disciplina`) ON UPDATE CASCADE;

--
-- Limitadores para a tabela `realiza`
--
ALTER TABLE `realiza`
  ADD CONSTRAINT `realiza_ibfk_1` FOREIGN KEY (`id_usuario`) REFERENCES `usuario` (`id_usuario`) ON UPDATE CASCADE,
  ADD CONSTRAINT `realiza_ibfk_2` FOREIGN KEY (`id_prova`) REFERENCES `prova` (`id_prova`) ON UPDATE CASCADE;

--
-- Limitadores para a tabela `redacao`
--
ALTER TABLE `redacao`
  ADD CONSTRAINT `redacao_ibfk_1` FOREIGN KEY (`id_usuario`) REFERENCES `usuario` (`id_usuario`) ON UPDATE CASCADE,
  ADD CONSTRAINT `redacao_ibfk_2` FOREIGN KEY (`id_prova`) REFERENCES `prova` (`id_prova`) ON UPDATE CASCADE;
COMMIT;

/*!40101 SET CHARACTER_SET_CLIENT=@OLD_CHARACTER_SET_CLIENT */;
/*!40101 SET CHARACTER_SET_RESULTS=@OLD_CHARACTER_SET_RESULTS */;
/*!40101 SET COLLATION_CONNECTION=@OLD_COLLATION_CONNECTION */;
